{"mean":[[475.9800000000001,500.35999999999996,866.5400000000001,329.0199999999999,493.9199999999999]],"meanDiff":[[1957290.98,2804051.5200000014,5122174.42,1044734.9799999999,2047017.6800000004]],"n":[[50,50,50,50,50]],"theta":[[-0.012504803462386404,-0.016312923217708688,0.0553660281332012,0.03471333024474608,0.018963685376144707],[0.03743009964609442,0.009460486858190172,0.08129701800931055,-0.005715678331072107,-0.007583022572011378]],"variance":[[39145.8196,56081.030400000025,102443.4884,20894.699599999996,40940.35360000001]]}